Scalar,R,G,B
0,0.2298057,0.298717966,0.753683153
0.125,0.38301334,0.50941904,0.917387822
0.25,0.552953156,0.688929332,0.995375608
0.375,0.722193294,0.813952739,0.976574709
0.5,0.865395197,0.86541021,0.865395561
0.625,0.958852946,0.769767752,0.678007945
0.75,0.958003065,0.602842431,0.481775914
0.875,0.869186849,0.378313092,0.300267182
1,0.705673158,0.01555616,0.150232812